{"cameraMode":{"drawMode":0,"name":"Shaded","section":"Shading Mode"},"sceneLighting":true,"audioPlay":false,"sceneViewState":{"m_AlwaysRefresh":false,"showFog":true,"showSkybox":true,"showFlares":true,"showImageEffects":true,"showParticleSystems":true,"showVisualEffectGraphs":true,"m_FxEnabled":true},"in2DMode":false,"pivot":{"x":-1.6886262893676758,"y":0.7028936147689819,"z":3.6440789699554445},"rotation":{"x":0.04762556031346321,"y":-0.5094047784805298,"z":0.02789255790412426,"w":0.8591759204864502},"size":4.037062644958496,"orthographic":false}