{"cameraMode":{"drawMode":0,"name":"Shaded","section":"Shading Mode"},"sceneLighting":false,"audioPlay":false,"sceneViewState":{"m_AlwaysRefresh":false,"showFog":true,"showSkybox":false,"showFlares":true,"showImageEffects":true,"showParticleSystems":true,"showVisualEffectGraphs":true,"m_FxEnabled":true},"in2DMode":false,"pivot":{"x":9.9399995803833,"y":4.699999809265137,"z":23.323999404907228},"rotation":{"x":0.017996545881032945,"y":0.015607883222401142,"z":-0.0004949876456521452,"w":0.9998842477798462},"size":2.4494895935058595,"orthographic":false}